{
  "item::feats": [
    0.15780486043324113,
    0.36292607039767033,
    0.4792690691690884
  ],
  "item::weapons": [
    0.1,
    0.9,
    0.0
  ],
  "item::armor": [
    0.09784296501149996,
    0.6276139633959614,
    0.27454307159253855
  ]
}